date,nav
2015-05-27,1.0
2015-05-29,0.995
2015-06-04,0.997
2015-06-05,1.012
2015-06-08,1.038
2015-06-09,1.027
2015-06-10,1.043
2015-06-11,1.048
2015-06-12,1.075
2015-06-15,1.083
2015-06-16,1.049
2015-06-17,1.066
2015-06-18,1.025
2015-06-19,0.963
2015-06-23,1.021
2015-06-24,1.083
2015-06-25,1.061
2015-06-26,0.998
2015-06-29,1.023
2015-06-30,1.053
2015-07-01,1.015
2015-07-02,0.948
2015-07-03,0.886
2015-07-06,0.874
2015-07-07,0.825
2015-07-08,0.777
2015-07-09,0.849
2015-07-10,0.915
2015-07-13,0.951
2015-07-14,0.906
2015-07-15,0.855
2015-07-16,0.872
2015-07-17,0.909
2015-07-20,0.895
2015-07-21,0.902
2015-07-22,0.901
2015-07-23,0.923
2015-07-24,0.911
2015-07-27,0.827
2015-07-28,0.836
2015-07-29,0.86
2015-07-30,0.846
2015-07-31,0.857
2015-08-03,0.865
2015-08-04,0.892
2015-08-05,0.869
2015-08-06,0.858
2015-08-07,0.874
2015-08-10,0.907
2015-08-11,0.905
2015-08-12,0.893
2015-08-13,0.899
2015-08-14,0.904
2015-08-17,0.906
2015-08-18,0.847
2015-08-19,0.867
2015-08-20,0.849
2015-08-21,0.797
2015-08-24,0.724
2015-08-25,0.693
2015-08-26,0.699
2015-08-27,0.733
2015-08-28,0.754
2015-08-31,0.741
2015-09-01,0.723
2015-09-02,0.727
2015-09-07,0.708
2015-09-08,0.725
2015-09-09,0.744
2015-09-10,0.735
2015-09-11,0.733
2015-09-14,0.711
2015-09-15,0.697
2015-09-16,0.73
2015-09-17,0.71
2015-09-18,0.712
2015-09-21,0.726
2015-09-22,0.733
2015-09-23,0.714
2015-09-24,0.722
2015-09-25,0.712
2015-09-28,0.712
2015-09-29,0.708
2015-09-30,0.713
2015-10-08,0.737
2015-10-09,0.742
2015-10-12,0.765
2015-10-13,0.766
2015-10-14,0.759
2015-10-15,0.772
2015-10-16,0.775
2015-10-19,0.774
2015-10-20,0.779
2015-10-21,0.749
2015-10-22,0.762
2015-10-23,0.79
2015-10-26,0.799
2015-10-27,0.796
2015-10-28,0.79
2015-10-29,0.802
2015-10-30,0.804
2015-11-02,0.805
2015-11-03,0.802
2015-11-04,0.835
2015-11-05,0.847
2015-11-06,0.854
2015-11-09,0.857
2015-11-10,0.854
2015-11-11,0.853
2015-11-12,0.847
2015-11-13,0.83
2015-11-16,0.837
2015-11-17,0.841
2015-11-18,0.835
2015-11-19,0.841
2015-11-20,0.84
2015-11-23,0.833
2015-11-24,0.83
2015-11-25,0.837
2015-11-26,0.83
2015-11-27,0.795
2015-11-30,0.799
2015-12-01,0.813
2015-12-02,0.838
2015-12-03,0.839
2015-12-04,0.829
2015-12-07,0.829
2015-12-08,0.807
2015-12-09,0.808
2015-12-10,0.803
2015-12-11,0.804
2015-12-14,0.819
2015-12-15,0.811
2015-12-16,0.804
2015-12-17,0.818
2015-12-18,0.836
2015-12-21,0.886
2015-12-22,0.88
2015-12-23,0.87
2015-12-24,0.872
2015-12-25,0.863
2015-12-28,0.847
2015-12-29,0.863
2015-12-30,0.866
2015-12-31,0.869
2016-01-04,0.809
2016-01-05,0.816
2016-01-06,0.83
2016-01-07,0.772
2016-01-08,0.783
2016-01-11,0.737
2016-01-12,0.736
2016-01-13,0.73
2016-01-14,0.745
2016-01-15,0.723
2016-01-18,0.73
2016-01-19,0.756
2016-01-20,0.74
2016-01-21,0.722
2016-01-22,0.727
2016-01-25,0.739
2016-01-26,0.71
2016-01-27,0.706
2016-01-28,0.684
2016-01-29,0.707
2016-02-01,0.71
2016-02-02,0.721
2016-02-03,0.72
2016-02-04,0.725
2016-02-05,0.712
2016-02-15,0.7
2016-02-16,0.719
2016-02-17,0.719
2016-02-18,0.713
2016-02-19,0.711
2016-02-22,0.728
2016-02-23,0.747
2016-02-24,0.749
2016-02-25,0.706
2016-02-26,0.718
2016-02-29,0.691
2016-03-01,0.706
2016-03-02,0.738
2016-03-03,0.749
2016-03-04,0.764
2016-03-07,0.771
2016-03-08,0.765
2016-03-09,0.755
2016-03-10,0.762
2016-03-11,0.757
2016-03-14,0.761
2016-03-15,0.762
2016-03-16,0.756
2016-03-17,0.768
2016-03-18,0.777
2016-03-21,0.787
2016-03-22,0.791
2016-03-23,0.79
2016-03-24,0.8
2016-03-25,0.81
2016-03-28,0.829
2016-03-29,0.811
2016-03-30,0.824
2016-03-31,0.822
2016-04-01,0.813
2016-04-05,0.82
2016-04-06,0.84
2016-04-07,0.821
2016-04-08,0.81
2016-04-11,0.812
2016-04-12,0.81
2016-04-13,0.813
2016-04-14,0.82
2016-04-15,0.819
2016-04-18,0.806
2016-04-19,0.805
2016-04-20,0.785
2016-04-21,0.788
2016-04-22,0.804
2016-04-25,0.81
2016-04-26,0.815
2016-04-27,0.818
2016-04-28,0.818
2016-04-29,0.837
2016-05-03,0.895
2016-05-04,0.888
2016-05-05,0.892
2016-05-06,0.859
2016-05-09,0.857
2016-05-10,0.864
2016-05-11,0.882
2016-05-12,0.878
2016-05-13,0.873
2016-05-16,0.882
2016-05-17,0.866
2016-05-18,0.853
2016-05-19,0.847
2016-05-20,0.858
2016-05-23,0.869
2016-05-24,0.851
2016-05-25,0.844
2016-05-26,0.841
2016-05-27,0.844
2016-05-30,0.845
2016-05-31,0.873
2016-06-01,0.875
2016-06-02,0.888
2016-06-03,0.924
2016-06-06,0.92
2016-06-07,0.931
2016-06-08,0.915
2016-06-13,0.887
2016-06-14,0.913
2016-06-15,0.935
2016-06-16,0.942
2016-06-17,0.965
2016-06-20,0.957
2016-06-21,0.942
2016-06-22,0.951
2016-06-23,0.947
2016-06-24,0.936
2016-06-27,0.968
2016-06-28,0.966
2016-06-29,0.959
2016-06-30,0.971
2016-07-01,0.964
2016-07-04,0.975
2016-07-05,0.985
2016-07-06,1.05
2016-07-07,1.032
2016-07-08,1.034
2016-07-11,1.061
2016-07-12,1.073
2016-07-13,1.051
2016-07-14,1.045
2016-07-15,1.048
2016-07-18,1.034
2016-07-19,1.007
2016-07-20,1.006
2016-07-21,1.013
2016-07-22,0.991
2016-07-25,0.998
2016-07-26,1.024
2016-07-27,0.998
2016-07-28,1.008
2016-07-29,1.009
2016-08-01,0.973
2016-08-02,0.974
2016-08-03,0.975
2016-08-04,0.976
2016-08-05,0.97
2016-08-08,0.984
2016-08-09,1.002
2016-08-10,0.997
2016-08-11,0.998
2016-08-12,1.0
2016-08-15,1.019
2016-08-16,1.004
2016-08-17,1.004
2016-08-18,0.998
2016-08-19,0.993
2016-08-22,0.991
2016-08-23,0.988
2016-08-24,0.984
2016-08-25,0.978
2016-08-26,0.975
2016-08-29,0.973
2016-08-30,0.975
2016-08-31,0.985
2016-09-01,0.973
2016-09-02,0.962
2016-09-05,0.966
2016-09-06,0.975
2016-09-07,0.967
2016-09-08,0.965
2016-09-09,0.956
2016-09-12,0.925
2016-09-13,0.93
2016-09-14,0.925
2016-09-19,0.933
2016-09-20,0.927
2016-09-21,0.927
2016-09-22,0.941
2016-09-23,0.939
2016-09-26,0.914
2016-09-27,0.923
2016-09-28,0.918
2016-09-29,0.923
2016-09-30,0.94
2016-10-10,0.954
2016-10-11,0.957
2016-10-12,0.955
2016-10-13,0.948
2016-10-14,0.949
2016-10-17,0.949
2016-10-18,0.97
2016-10-19,0.971
2016-10-20,0.966
2016-10-21,0.962
2016-10-24,0.967
2016-10-25,0.992
2016-10-26,1.01
2016-10-27,1.007
2016-10-28,1.007
2016-10-31,1.002
2016-11-01,1.014
2016-11-02,0.999
2016-11-03,1.002
2016-11-04,0.99
2016-11-07,0.989
2016-11-08,1.004
2016-11-09,0.997
2016-11-10,1.006
2016-11-11,1.0
2016-11-14,0.994
2016-11-15,1.006
2016-11-16,0.998
2016-11-17,0.993
2016-11-18,0.988
2016-11-21,0.987
2016-11-22,0.99
2016-11-23,1.003
2016-11-24,1.005
2016-11-25,1.003
2016-11-28,1.005
2016-11-29,1.023
2016-11-30,1.006
2016-12-01,1.007
2016-12-02,0.998
2016-12-05,0.992
2016-12-06,1.007
2016-12-07,1.008
2016-12-08,1.024
2016-12-09,1.025
2016-12-12,0.991
2016-12-13,1.017
2016-12-14,1.013
2016-12-15,0.981
2016-12-16,0.98
2016-12-19,0.989
2016-12-20,0.98
2016-12-21,0.983
2016-12-22,0.973
2016-12-23,0.955
2016-12-26,0.959
2016-12-27,0.96
2016-12-28,0.957
2016-12-29,0.96
2016-12-30,0.979
2016-12-31,0.979
2017-01-03,0.982
2017-01-04,1.011
2017-01-05,1.008
2017-01-06,1.009
2017-01-09,1.009
2017-01-10,1.008
2017-01-11,0.994
2017-01-12,0.987
2017-01-13,0.982
2017-01-16,0.975
2017-01-17,0.989
2017-01-18,1.005
2017-01-19,0.997
2017-01-20,1.001
2017-01-23,1.003
2017-01-24,1.004
2017-01-25,1.001
2017-01-26,0.995
2017-02-03,0.989
2017-02-06,0.994
2017-02-07,0.993
2017-02-08,0.999
2017-02-09,1.013
2017-02-10,1.019
2017-02-13,1.052
2017-02-14,1.059
2017-02-15,1.051
2017-02-16,1.052
2017-02-17,1.061
2017-02-20,1.104
2017-02-21,1.101
2017-02-22,1.118
2017-02-23,1.107
2017-02-24,1.106
2017-02-27,1.082
2017-02-28,1.085
2017-03-01,1.094
2017-03-02,1.099
2017-03-03,1.105
2017-03-06,1.111
2017-03-07,1.135
2017-03-08,1.128
2017-03-09,1.121
2017-03-10,1.124
2017-03-13,1.143
2017-03-14,1.134
2017-03-15,1.138
2017-03-16,1.135
2017-03-17,1.135
2017-03-20,1.143
2017-03-21,1.184
2017-03-22,1.189
2017-03-23,1.175
2017-03-24,1.17
2017-03-27,1.149
2017-03-28,1.15
2017-03-29,1.158
2017-03-30,1.149
2017-03-31,1.151
2017-04-05,1.161
2017-04-06,1.16
2017-04-07,1.153
2017-04-10,1.124
2017-04-11,1.12
2017-04-12,1.134
2017-04-13,1.151
2017-04-14,1.138
2017-04-17,1.146
2017-04-18,1.172
2017-04-19,1.174
2017-04-20,1.211
2017-04-21,1.19
2017-04-24,1.163
2017-04-25,1.2
2017-04-26,1.189
2017-04-27,1.195
2017-04-28,1.159
2017-05-02,1.146
2017-05-03,1.155
2017-05-04,1.151
2017-05-05,1.144
2017-05-08,1.12
2017-05-09,1.132
2017-05-10,1.128
2017-05-11,1.137
2017-05-12,1.141
2017-05-15,1.161
2017-05-16,1.196
2017-05-17,1.177
2017-05-18,1.175
2017-05-19,1.185
2017-05-22,1.181
2017-05-23,1.208
2017-05-24,1.198
2017-05-25,1.198
2017-05-26,1.201
2017-05-31,1.196
2017-06-01,1.199
2017-06-02,1.192
2017-06-05,1.18
2017-06-06,1.199
2017-06-07,1.233
2017-06-08,1.244
2017-06-09,1.254
2017-06-12,1.285
2017-06-13,1.282
2017-06-14,1.272
2017-06-15,1.249
2017-06-16,1.245
2017-06-19,1.252
2017-06-20,1.248
2017-06-21,1.274
2017-06-22,1.268
2017-06-23,1.272
2017-06-26,1.308
2017-06-27,1.307
2017-06-28,1.284
2017-06-29,1.283
2017-06-30,1.286
2017-07-03,1.265
2017-07-04,1.249
2017-07-05,1.263
2017-07-06,1.257
2017-07-07,1.246
2017-07-10,1.256
2017-07-11,1.268
2017-07-12,1.251
2017-07-13,1.257
2017-07-14,1.27
2017-07-17,1.238
2017-07-18,1.247
2017-07-19,1.267
2017-07-20,1.29
2017-07-21,1.31
2017-07-24,1.333
2017-07-25,1.327
2017-07-26,1.311
2017-07-27,1.322
2017-07-28,1.38
2017-07-31,1.397
2017-08-01,1.403
2017-08-02,1.386
2017-08-03,1.37
2017-08-04,1.359
2017-08-07,1.406
2017-08-08,1.4
2017-08-09,1.446
2017-08-10,1.459
2017-08-11,1.422
2017-08-14,1.441
2017-08-15,1.44
2017-08-16,1.434
2017-08-17,1.418
2017-08-18,1.413
2017-08-21,1.406
2017-08-22,1.38
2017-08-23,1.396
2017-08-24,1.372
2017-08-25,1.385
2017-08-28,1.402
2017-08-29,1.408
2017-08-30,1.419
2017-08-31,1.41
2017-09-01,1.415
2017-09-04,1.398
2017-09-05,1.399
2017-09-06,1.387
2017-09-07,1.379
2017-09-08,1.356
2017-09-11,1.37
2017-09-12,1.407
2017-09-13,1.437
2017-09-14,1.435
2017-09-15,1.427
2017-09-18,1.469
2017-09-19,1.458
2017-09-20,1.475
2017-09-21,1.464
2017-09-22,1.469
2017-09-25,1.5
2017-09-26,1.0
2017-09-27,0.996
2017-09-28,1.022
2017-09-29,1.012
2017-10-09,1.018
2017-10-10,1.034
2017-10-11,1.065
2017-10-12,1.057
2017-10-13,1.058
2017-10-16,1.037
2017-10-17,1.037
2017-10-18,1.055
2017-10-19,1.08
2017-10-20,1.063
2017-10-23,1.071
2017-10-24,1.075
2017-10-25,1.064
2017-10-26,1.086
2017-10-27,1.117
2017-10-30,1.106
2017-10-31,1.104
2017-11-01,1.112
2017-11-02,1.122
2017-11-03,1.128
2017-11-06,1.164
2017-11-07,1.157
2017-11-08,1.15
2017-11-09,1.154
2017-11-10,1.182
2017-11-13,1.173
2017-11-14,1.141
2017-11-15,1.161
2017-11-16,1.193
2017-11-17,1.157
2017-11-20,1.14
2017-11-21,1.163
2017-11-22,1.125
2017-11-23,1.071
2017-11-24,1.07
2017-11-27,1.056
2017-11-28,1.073
2017-11-29,1.051
2017-11-30,1.038
2017-12-01,1.039
2017-12-04,1.074
2017-12-05,1.07
2017-12-06,1.065
2017-12-07,1.046
2017-12-08,1.066
2017-12-11,1.102
2017-12-12,1.099
2017-12-13,1.128
2017-12-14,1.125
2017-12-15,1.107
2017-12-18,1.129
2017-12-19,1.14
2017-12-20,1.163
2017-12-21,1.161
2017-12-22,1.141
2017-12-25,1.14
2017-12-26,1.131
2017-12-27,1.11
2017-12-28,1.155
2017-12-29,1.141
2017-12-31,1.141
2018-01-02,1.143
2018-01-03,1.147
2018-01-04,1.18
2018-01-05,1.175
2018-01-08,1.181
2018-01-09,1.216
2018-01-10,1.24
2018-01-11,1.225
2018-01-12,1.244
2018-01-15,1.251
2018-01-16,1.263
2018-01-17,1.222
2018-01-18,1.239
2018-01-19,1.222
2018-01-22,1.263
2018-01-23,1.262
2018-01-24,1.241
2018-01-25,1.231
2018-01-26,1.238
2018-01-29,1.184
2018-01-30,1.176
2018-01-31,1.195
2018-02-01,1.165
2018-02-02,1.155
2018-02-05,1.1
2018-02-06,1.086
2018-02-07,1.048
2018-02-08,1.075
2018-02-09,1.057
2018-02-12,1.093
2018-02-13,1.094
2018-02-14,1.107
2018-02-22,1.144
2018-02-23,1.139
2018-02-26,1.135
2018-02-27,1.12
2018-02-28,1.088
2018-03-01,1.103
2018-03-02,1.094
2018-03-05,1.074
2018-03-06,1.081
2018-03-07,1.081
2018-03-08,1.106
2018-03-09,1.114
2018-03-12,1.105
2018-03-13,1.087
2018-03-14,1.103
2018-03-15,1.127
2018-03-16,1.116
2018-03-19,1.121
2018-03-20,1.108
2018-03-21,1.104
2018-03-22,1.076
2018-03-23,1.049
2018-03-26,1.048
2018-03-27,1.044
2018-03-28,1.0
2018-03-29,1.037
2018-03-30,1.033
2018-04-02,1.031
2018-04-03,1.039
2018-04-04,1.076
2018-04-09,1.079
2018-04-10,1.088
2018-04-11,1.085
2018-04-12,1.082
2018-04-13,1.066
2018-04-16,1.072
2018-04-17,1.052
2018-04-18,1.044
2018-04-19,1.074
2018-04-20,1.066
2018-04-23,1.054
2018-04-24,1.087
2018-04-25,1.086
2018-04-26,1.054
2018-04-27,1.054
2018-05-02,1.076
2018-05-03,1.105
2018-05-04,1.109
2018-05-07,1.172
2018-05-08,1.182
2018-05-09,1.184
2018-05-10,1.202
2018-05-11,1.189
2018-05-14,1.215
2018-05-15,1.221
2018-05-16,1.22
2018-05-17,1.195
2018-05-18,1.204
2018-05-21,1.202
2018-05-22,1.21
2018-05-23,1.186
2018-05-24,1.173
2018-05-25,1.185
2018-05-28,1.242
2018-05-29,1.222
2018-05-30,1.238
2018-05-31,1.275
2018-06-01,1.25
2018-06-04,1.289
2018-06-05,1.306
2018-06-06,1.306
2018-06-07,1.301
2018-06-08,1.288
2018-06-11,1.284
2018-06-12,1.34
2018-06-13,1.327
2018-06-14,1.305
2018-06-15,1.298
2018-06-19,1.24
2018-06-20,1.285
2018-06-21,1.268
2018-06-22,1.271
2018-06-25,1.291
2018-06-26,1.285
2018-06-27,1.232
2018-06-28,1.197
2018-06-29,1.23
2018-06-30,1.23
2018-07-02,1.219
2018-07-03,1.18
2018-07-04,1.17
2018-07-05,1.165
2018-07-06,1.1703
2018-07-09,1.2066
2018-07-10,1.2074
2018-07-11,1.1924
2018-07-12,1.2265
2018-07-13,1.2603
2018-07-16,1.261
2018-07-17,1.2425
2018-07-18,1.2244
2018-07-19,1.2158
2018-07-20,1.2166
2018-07-23,1.1948
2018-07-24,1.2383
2018-07-25,1.2314
2018-07-26,1.2134
2018-07-27,1.2265
2018-07-30,1.2034
2018-07-31,1.2092
2018-08-01,1.1834
2018-08-02,1.1405
2018-08-03,1.1044
2018-08-06,1.0805
2018-08-07,1.1087
2018-08-08,1.0744
2018-08-09,1.1043
2018-08-10,1.1061
2018-08-13,1.0894
2018-08-14,1.0953
2018-08-15,1.0582
2018-08-16,1.0229
2018-08-17,1.0179
2018-08-20,1.0247
2018-08-21,1.0612
2018-08-22,1.0491
2018-08-23,1.0524
2018-08-24,1.0378
2018-08-27,1.0841
2018-08-28,1.0724
2018-08-29,1.0696
2018-08-30,1.0654
2018-08-31,1.0479
2018-09-03,1.0451
2018-09-04,1.0508
2018-09-05,1.0253
2018-09-06,1.0026
2018-09-07,1.0161
2018-09-10,1.0073
2018-09-11,1.0073
2018-09-12,0.9832
2018-09-13,0.9807
2018-09-14,1.0011
2018-09-17,1.0039
2018-09-18,1.0319
2018-09-19,1.0606
2018-09-20,1.0569
2018-09-21,1.095
2018-09-25,1.0861
2018-09-26,1.1189
2018-09-27,1.119
2018-09-28,1.124
2018-10-08,1.0581
2018-10-09,1.0588
2018-10-10,1.0124
2018-10-11,0.9782
2018-10-12,1.0075
2018-10-15,0.987
2018-10-16,0.984
2018-10-17,0.979
2018-10-18,0.9555
2018-10-19,0.9929
2018-10-22,1.042
2018-10-23,0.9652
2018-10-24,0.9385
2018-10-25,0.9179
2018-10-26,0.894
2018-10-29,0.8144
2018-10-30,0.8002
2018-10-31,0.83
2018-11-01,0.8511
2018-11-02,0.9003
2018-11-05,0.8753
2018-11-06,0.8623
2018-11-07,0.8622
2018-11-08,0.8628
2018-11-09,0.8565
2018-11-12,0.8533
2018-11-13,0.881
2018-11-14,0.8632
2018-11-15,0.8698
2018-11-16,0.8697
2018-11-19,0.8879
2018-11-20,0.8668
2018-11-21,0.8759
2018-11-22,0.8757
2018-11-23,0.8554
2018-11-26,0.8517
2018-11-27,0.848
2018-11-28,0.8614
2018-11-29,0.8641
2018-11-30,0.8903
2018-12-03,0.9336
2018-12-04,0.9332
2018-12-05,0.9402
2018-12-06,0.9134
2018-12-07,0.916
2018-12-10,0.9027
2018-12-11,0.9097
2018-12-12,0.9152
2018-12-13,0.9323
2018-12-14,0.9177
2018-12-17,0.8882
2018-12-18,0.8844
2018-12-19,0.8702
2018-12-20,0.8615
2018-12-21,0.8471
2018-12-24,0.8532
2018-12-25,0.8511
2018-12-26,0.8381
2018-12-27,0.8349
2018-12-28,0.8485
2018-12-31,0.8484
2019-01-02,0.8344
2019-01-03,0.8123
2019-01-04,0.8307
2019-01-07,0.8338
2019-01-08,0.8349
2019-01-09,0.8503
2019-01-10,0.8456
2019-01-11,0.8619
2019-01-14,0.8507
2019-01-15,0.9062
2019-01-16,0.8959
2019-01-17,0.8935
2019-01-18,0.9156
2019-01-21,0.9285
2019-01-22,0.9125
2019-01-23,0.9153
2019-01-24,0.9231
2019-01-25,0.9238
2019-01-28,0.9362
2019-01-29,0.9416
2019-01-30,0.9223
2019-01-31,0.9367
2019-02-01,0.9503
2019-02-11,0.9924
2019-02-12,0.9954
2019-02-13,1.0071
2019-02-14,1.0331
2019-02-15,1.0114
2019-02-18,1.051
2019-02-19,1.0452
2019-02-20,1.04
2019-02-21,1.029
2019-02-22,1.0372
2019-02-25,1.0724
2019-02-26,1.0497
2019-02-27,1.0711
2019-02-28,1.0811
2019-03-01,1.1245
2019-03-04,1.1388
2019-03-05,1.1409
2019-03-06,1.1305
2019-03-07,1.1002
2019-03-08,1.07
2019-03-11,1.1111
2019-03-12,1.1021
2019-03-13,1.1052
2019-03-14,1.1182
2019-03-15,1.1542
2019-03-18,1.2453
2019-03-19,1.2324
2019-03-20,1.2378
2019-03-21,1.2277
2019-03-22,1.2427
2019-03-25,1.2088
2019-03-26,1.2148
2019-03-27,1.2507
2019-03-28,1.2696
2019-03-29,1.3327
2019-04-01,1.3512
2019-04-02,1.3335
2019-04-03,1.3245
2019-04-04,1.3584
2019-04-08,1.3641
2019-04-09,1.3866
2019-04-10,1.4047
2019-04-11,1.3374
2019-04-12,1.3382
2019-04-15,1.3244
2019-04-16,1.3489
2019-04-17,1.3631
2019-04-18,1.378
2019-04-19,1.3755
2019-04-22,1.3644
2019-04-23,1.3898
2019-04-24,1.3811
2019-04-25,1.3539
2019-04-26,1.3719
2019-04-29,1.3815
2019-04-30,1.3898
2019-05-06,1.2753
2019-05-07,1.3034
2019-05-08,1.303
2019-05-09,1.2569
2019-05-10,1.3219
2019-05-13,1.3255
2019-05-14,1.3139
2019-05-15,1.3965
2019-05-16,1.4159
2019-05-17,1.375
2019-05-20,1.3415
2019-05-21,1.3547
2019-05-22,1.3419
2019-05-23,1.2961
2019-05-24,1.3142
2019-05-27,1.32
2019-05-28,1.3342
2019-05-29,1.3428
2019-05-30,1.3285
2019-05-31,1.3104
2019-06-03,1.3032
2019-06-04,1.2719
2019-06-05,1.271
2019-06-06,1.2574
2019-06-10,1.2806
2019-06-11,1.3503
2019-06-12,1.3354
2019-06-13,1.3295
2019-06-14,1.3174
2019-06-17,1.3101
2019-06-18,1.3104
2019-06-19,1.3291
2019-06-20,1.3889
2019-06-21,1.402
2019-06-24,1.4254
2019-06-25,1.4257
2019-06-26,1.4184
2019-06-27,1.4687
2019-06-28,1.4739
2019-06-30,1.4738
2019-07-01,1.5448
2019-07-02,1.0
2019-07-03,0.9784
2019-07-04,0.9613
2019-07-05,0.9875
2019-07-08,0.9719
2019-07-09,0.976
2019-07-10,0.9816
2019-07-11,0.9737
2019-07-12,0.987
2019-07-15,0.9773
2019-07-16,0.9661
2019-07-17,0.9607
2019-07-18,0.9473
2019-07-19,0.9541
2019-07-22,0.9548
2019-07-23,0.9341
2019-07-24,0.9323
2019-07-25,0.9425
2019-07-26,0.9421
2019-07-29,0.9504
2019-07-30,0.946
2019-07-31,0.9312
2019-08-01,0.918
2019-08-02,0.9117
2019-08-05,0.8922
2019-08-06,0.9061
2019-08-07,0.8969
2019-08-08,0.9119
2019-08-09,0.8983
2019-08-12,0.9242
2019-08-13,0.9213
2019-08-14,0.9446
2019-08-15,0.9418
2019-08-16,0.9509
2019-08-19,0.9627
2019-08-20,0.9738
2019-08-21,0.9661
2019-08-22,0.9866
2019-08-23,0.9893
2019-08-26,0.9706
2019-08-27,0.9915
2019-08-28,0.9955
2019-08-29,1.006
2019-08-30,1.0299
2019-09-02,1.0336
2019-09-03,1.0272
2019-09-04,1.0129
2019-09-05,1.0172
2019-09-06,1.0179
2019-09-09,1.0174
2019-09-10,1.0126
2019-09-11,0.9677
2019-09-12,0.9835
2019-09-16,0.9771
2019-09-17,0.979
2019-09-18,1.0113
2019-09-19,1.0128
2019-09-20,1.0209
2019-09-23,1.0086
2019-09-24,1.029
2019-09-25,1.0237
2019-09-26,1.0117
2019-09-27,1.0083
2019-09-30,0.9895
2019-10-08,1.0041
2019-10-09,0.9924
2019-10-10,0.9912
2019-10-11,0.996
2019-10-14,0.9975
2019-10-15,1.0136
2019-10-16,0.9947
2019-10-17,0.9961
2019-10-18,0.9775
2019-10-21,0.9794
2019-10-22,0.9833
2019-10-23,0.9666
2019-10-24,0.9507
2019-10-25,0.966
2019-10-28,0.9848
2019-10-29,0.9922
2019-10-30,0.9837
2019-10-31,0.9833
2019-11-01,0.9949
2019-11-04,1.0021
2019-11-05,1.0043
2019-11-06,0.9933
2019-11-07,1.0012
2019-11-08,1.005
2019-11-11,0.9951
2019-11-12,0.9986
2019-11-13,1.0052
2019-11-14,1.0158
2019-11-15,1.0093
2019-11-18,1.0048
2019-11-19,1.0131
2019-11-20,1.0184
2019-11-21,1.0167
2019-11-22,0.9896
2019-11-25,0.9869
2019-11-26,0.9964
2019-11-27,0.9999
2019-11-28,0.9939
2019-11-29,0.9686
2019-12-02,0.9686
2019-12-03,0.9641
2019-12-04,0.9697
2019-12-05,0.9686
2019-12-06,0.9889
2019-12-09,0.9833
2019-12-10,0.9836
2019-12-11,0.9733
2019-12-12,0.9654
2019-12-13,0.9803
2019-12-16,0.9649
2019-12-17,0.9761
2019-12-18,0.9807
2019-12-19,0.9735
2019-12-20,0.9698
2019-12-23,0.9635
2019-12-24,0.9676
2019-12-25,0.9566
2019-12-26,0.9637
2019-12-27,0.9734
2019-12-30,1.0068
2019-12-31,1.0073
2020-01-02,0.9966
2020-01-03,0.9857
2020-01-06,0.9779
2020-01-07,0.988
2020-01-08,0.9896
2020-01-09,1.01
2020-01-10,1.0337
2020-01-13,1.0486
2020-01-14,1.0332
2020-01-15,1.0381
2020-01-16,1.04
2020-01-17,1.0401
2020-01-20,1.0295
2020-01-21,1.0006
2020-01-22,1.0043
2020-01-23,0.9675
2020-02-03,0.8865
2020-02-04,0.8809
2020-02-05,0.8926
2020-02-06,0.9014
2020-02-07,0.9091
2020-02-10,0.9112
2020-02-11,0.9324
2020-02-12,0.935
2020-02-13,0.928
2020-02-14,0.9257
2020-02-17,0.9331
2020-02-18,0.9283
2020-02-19,0.9396
2020-02-20,0.9726
2020-02-21,0.9701
2020-02-24,0.9522
2020-02-25,0.9443
2020-02-26,0.9363
2020-02-27,0.9472
2020-02-28,0.9085
2020-03-02,0.9308
2020-03-03,0.9371
2020-03-04,0.9445
2020-03-05,0.992
2020-03-06,0.9694
2020-03-09,0.9331
2020-03-10,0.9597
2020-03-11,0.9573
2020-03-12,0.9348
2020-03-13,0.9177
2020-03-16,0.8808
2020-03-17,0.8623
2020-03-18,0.8394
2020-03-19,0.811
2020-03-20,0.8375
2020-03-23,0.8126
2020-03-24,0.8433
2020-03-25,0.8678
2020-03-26,0.867
2020-03-27,0.8871
2020-03-30,0.8703
2020-03-31,0.8866
2020-04-01,0.8806
2020-04-02,0.892
2020-04-03,0.8899
2020-04-07,0.9131
2020-04-08,0.913
2020-04-09,0.9179
2020-04-10,0.9285
2020-04-13,0.9278
2020-04-14,0.9397
2020-04-15,0.938
2020-04-16,0.929
2020-04-17,0.9421
2020-04-20,0.9467
2020-04-21,0.9249
2020-04-22,0.9508
2020-04-23,0.953
2020-04-24,0.9632
2020-04-27,0.9559
2020-04-28,0.9829
2020-04-29,0.9707
2020-04-30,0.9734
2020-05-06,0.9806
2020-05-07,0.9923
2020-05-08,1.0021
2020-05-11,1.0049
2020-05-12,1.0082
2020-05-13,1.0337
2020-05-14,1.0322
2020-05-15,1.0195
2020-05-18,1.0488
2020-05-19,1.0567
2020-05-20,1.0485
2020-05-21,1.0558
2020-05-22,1.0199
2020-05-25,1.0408
2020-05-26,1.0511
2020-05-27,1.0418
2020-05-28,1.0497
2020-05-29,1.0653
2020-06-01,1.0987
2020-06-02,1.0862
2020-06-03,1.0798
2020-06-04,1.1006
2020-06-05,1.1219
2020-06-08,1.1287
2020-06-09,1.137
2020-06-10,1.1416
2020-06-11,1.1228
2020-06-12,1.1262
2020-06-15,1.0959
2020-06-16,1.1139
2020-06-17,1.1033
2020-06-18,1.1065
2020-06-19,1.133
2020-06-22,1.1248
2020-06-23,1.1609
2020-06-24,1.1588
2020-06-29,1.1629
2020-06-30,1.1814
2020-07-01,1.2494
2020-07-02,1.2928
2020-07-03,1.2801
2020-07-06,1.3113
2020-07-07,1.3509
2020-07-08,1.3493
2020-07-09,1.3699
2020-07-10,1.3876
2020-07-13,1.4484
2020-07-14,1.4522
2020-07-15,1.4841
2020-07-16,1.3552
2020-07-17,1.3536
2020-07-20,1.3385
2020-07-21,1.3698
2020-07-22,1.3875
2020-07-23,1.3914
2020-07-24,1.3282
2020-07-27,1.344
2020-07-28,1.3776
2020-07-29,1.3859
2020-07-30,1.3957
2020-07-31,1.3939
2020-08-03,1.3952
2020-08-04,1.3884
2020-08-05,1.392
2020-08-06,1.3562
2020-08-07,1.3405
2020-08-10,1.3421
2020-08-11,1.3544
2020-08-12,1.3304
2020-08-13,1.3409
2020-08-14,1.3869
2020-08-17,1.419
2020-08-18,1.4274
2020-08-19,1.4294
2020-08-20,1.3974
2020-08-21,1.4165
2020-08-24,1.4456
2020-08-25,1.5018
2020-08-26,1.0
2020-08-27,1.0118
2020-08-28,1.052
2020-08-31,1.0577
2020-09-01,1.0457
2020-09-02,1.0377
2020-09-03,1.0593
2020-09-04,1.0391
2020-09-07,1.0218
2020-09-08,0.9935
2020-09-09,0.9737
2020-09-10,0.9889
2020-09-11,1.0167
2020-09-14,1.025
2020-09-15,1.0232
2020-09-16,1.0061
2020-09-17,0.9826
2020-09-18,0.996
2020-09-21,0.9809
2020-09-22,0.9719
2020-09-23,0.9671
2020-09-24,0.9503
2020-09-25,0.9506
2020-09-28,0.9615
2020-09-29,0.9595
2020-09-30,0.9639
2020-10-09,0.9779
2020-10-12,1.0321
2020-10-13,1.0496
2020-10-14,1.0461
2020-10-15,1.0449
2020-10-16,1.0333
2020-10-19,1.0254
2020-10-20,1.0578
2020-10-21,1.0612
2020-10-22,1.0808
2020-10-23,1.0533
2020-10-26,1.0419
2020-10-27,1.0514
2020-10-28,1.0858
2020-10-29,1.1166
2020-10-30,1.085
2020-11-02,1.1031
2020-11-03,1.1152
2020-11-04,1.1206
2020-11-05,1.1418
2020-11-06,1.1343
2020-11-09,1.156
2020-11-10,1.1808
2020-11-11,1.1822
2020-11-12,1.2029
2020-11-13,1.1617
2020-11-16,1.2068
2020-11-17,1.1903
2020-11-18,1.171
2020-11-19,1.1755
2020-11-20,1.193
2020-11-23,1.2053
2020-11-24,1.2125
2020-11-25,1.1699
2020-11-26,1.1758
2020-11-27,1.1829
2020-11-30,1.1473
2020-12-01,1.1573
2020-12-02,1.1569
2020-12-03,1.1684
2020-12-04,1.2081
2020-12-07,1.212
2020-12-08,1.2305
2020-12-09,1.2249
2020-12-10,1.2352
2020-12-11,1.2422
2020-12-14,1.2713
2020-12-15,1.2569
2020-12-16,1.2858
2020-12-17,1.3216
2020-12-18,1.3249
2020-12-21,1.3313
2020-12-22,1.3552
2020-12-23,1.3476
2020-12-24,1.3219
2020-12-25,1.3217
2020-12-28,1.3869
2020-12-29,1.3717
2020-12-30,1.4017
2020-12-31,1.4266
2021-01-04,1.4734
2021-01-05,1.5488
2021-01-06,1.5533
2021-01-07,1.5758
2021-01-08,1.5287
2021-01-11,1.4791
2021-01-12,1.5243
2021-01-13,1.5102
2021-01-14,1.4629
2021-01-15,1.4176
2021-01-18,1.3915
2021-01-19,1.3634
2021-01-20,1.3739
2021-01-21,1.4148
2021-01-22,1.4042
2021-01-25,1.4934
2021-01-26,1.4599
2021-01-27,1.4179
2021-01-28,1.3997
2021-01-29,1.4254
2021-02-01,1.4223
2021-02-02,1.4844
2021-02-03,1.4838
2021-02-04,1.492
2021-02-05,1.5084
2021-02-08,1.5086
2021-02-09,1.5439
2021-02-10,1.6198
2021-02-18,1.5632
2021-02-19,1.5541
2021-02-22,1.4313
2021-02-23,1.436
2021-02-24,1.3567
2021-02-25,1.3373
2021-02-26,1.2999
2021-03-01,1.3075
2021-03-02,1.2715
2021-03-03,1.3024
2021-03-04,1.2375
2021-03-05,1.2521
2021-03-08,1.1629
2021-03-09,1.1255
2021-03-10,1.1668
2021-03-11,1.2119
2021-03-12,1.2167
2021-03-15,1.1572
2021-03-16,1.1886
2021-03-17,1.2034
2021-03-18,1.2389
2021-03-19,1.2058
2021-03-22,1.2113
2021-03-23,1.2227
2021-03-24,1.2235
2021-03-25,1.2145
2021-03-26,1.2588
2021-03-29,1.2814
2021-03-30,1.2865
2021-03-31,1.264
2021-04-01,1.2946
2021-04-02,1.3565
2021-04-06,1.3374
2021-04-07,1.2782
2021-04-08,1.3029
2021-04-09,1.2661
2021-04-12,1.2674
2021-04-13,1.2788
2021-04-14,1.295
2021-04-15,1.2852
2021-04-16,1.3168
2021-04-19,1.3331
2021-04-20,1.3483
2021-04-21,1.3814
2021-04-22,1.3811
2021-04-23,1.3967
2021-04-26,1.3767
2021-04-27,1.3957
2021-04-28,1.4308
2021-04-29,1.4291
2021-04-30,1.4125
2021-05-06,1.3694
2021-05-07,1.3465
2021-05-10,1.3236
2021-05-11,1.3701
2021-05-12,1.3922
2021-05-13,1.3948
2021-05-14,1.415
2021-05-17,1.4426
2021-05-18,1.4453
2021-05-19,1.4331
2021-05-20,1.4683
2021-05-21,1.4726
2021-05-24,1.5114
2021-05-25,1.5642
2021-05-26,1.5507
2021-05-27,1.5593
2021-05-28,1.5613
2021-05-31,1.5704
2021-06-01,1.5893
2021-06-02,1.5662
2021-06-03,1.59
2021-06-04,1.6205
2021-06-07,1.6466
2021-06-08,1.5395
2021-06-09,1.5412
2021-06-10,1.5673
2021-06-11,1.5188
2021-06-15,1.5182
2021-06-16,1.4978
2021-06-17,1.5277
2021-06-18,1.5031
2021-06-21,1.4907
2021-06-22,1.4993
2021-06-23,1.4479
2021-06-24,1.4605
2021-06-25,1.4905
2021-06-28,1.5025
2021-06-29,1.472
2021-06-30,1.4846
2021-07-01,1.5033
2021-07-02,1.4436
2021-07-05,1.4559
2021-07-06,1.4543
2021-07-07,1.4733
2021-07-08,1.4508
2021-07-09,1.4013
2021-07-12,1.413
2021-07-13,1.4485
2021-07-14,1.4567
2021-07-15,1.4951
2021-07-16,1.4826
2021-07-19,1.4957
2021-07-20,1.4968
2021-07-21,1.4956
2021-07-22,1.4665
2021-07-23,1.4329
2021-07-26,1.3292
2021-07-27,1.2813
2021-07-28,1.2922
2021-07-29,1.2726
2021-07-30,1.1959
2021-08-02,1.2616
2021-08-03,1.2736
2021-08-04,1.2534
2021-08-05,1.2362
2021-08-06,1.2314
2021-08-09,1.2445
2021-08-10,1.3251
2021-08-11,1.3038
2021-08-12,1.2812
2021-08-13,1.2914
2021-08-16,1.2947
2021-08-17,1.2349
2021-08-18,1.242
2021-08-19,1.2265
2021-08-20,1.148
2021-08-23,1.1689
2021-08-24,1.1968
2021-08-25,1.2304
2021-08-26,1.1897
2021-08-27,1.1893
2021-08-30,1.2008
2021-08-31,1.1796
2021-09-01,1.2191
2021-09-02,1.1996
2021-09-03,1.2096
2021-09-06,1.2477
2021-09-07,1.2425
2021-09-08,1.2166
2021-09-09,1.2146
2021-09-10,1.2437
2021-09-13,1.2331
2021-09-14,1.2296
2021-09-15,1.1941
2021-09-16,1.2063
2021-09-17,1.2515
2021-09-22,1.2098
2021-09-23,1.2137
2021-09-24,1.2467
2021-09-27,1.3246
2021-09-28,1.3059
2021-09-29,1.3026
2021-09-30,1.3113
2021-10-08,1.3497
2021-10-11,1.3467
2021-10-12,1.3511
2021-10-13,1.4044
2021-10-14,1.4011
2021-10-15,1.3931
2021-10-18,1.2965
2021-10-19,1.3295
2021-10-20,1.3391
2021-10-21,1.3436
2021-10-22,1.3568
2021-10-25,1.3413
2021-10-26,1.3402
2021-10-27,1.3094
2021-10-28,1.319
2021-10-29,1.3207
2021-11-01,1.3073
2021-11-02,1.2838
2021-11-03,1.2697
2021-11-04,1.3221
2021-11-05,1.324
2021-11-08,1.3231
2021-11-09,1.3113
2021-11-10,1.2867
2021-11-11,1.2875
2021-11-12,1.2686
2021-11-15,1.272
2021-11-16,1.3194
2021-11-17,1.3121
2021-11-18,1.314
2021-11-19,1.3327
2021-11-22,1.3439
2021-11-23,1.3413
2021-11-24,1.3764
2021-11-25,1.3696
2021-11-26,1.3662
2021-11-29,1.3754
2021-11-30,1.3488
2021-12-01,1.3566
2021-12-02,1.3696
2021-12-03,1.4097
2021-12-06,1.4003
2021-12-07,1.3981
2021-12-08,1.4523
2021-12-09,1.4435
2021-12-10,1.4403
2021-12-13,1.4544
2021-12-14,1.4666
2021-12-15,1.4479
2021-12-16,1.424
2021-12-17,1.385
2021-12-20,1.3889
2021-12-21,1.3768
2021-12-22,1.3796
2021-12-23,1.4095
2021-12-24,1.4178
2021-12-27,1.4064
2021-12-28,1.4207
2021-12-29,1.3537
2021-12-30,1.3668
2021-12-31,1.3083
2022-01-04,1.3007
2022-01-05,1.2899
2022-01-06,1.2729
2022-01-07,1.2489
2022-01-10,1.2435
2022-01-11,1.2296
2022-01-12,1.2357
2022-01-13,1.1947
2022-01-14,1.1867
2022-01-17,1.1929
2022-01-18,1.2137
2022-01-19,1.2019
2022-01-20,1.2215
2022-01-21,1.237
2022-01-24,1.2274
2022-01-25,1.2007
2022-01-26,1.2146
2022-01-27,1.2013
2022-01-28,1.1632
2022-02-07,1.1637
2022-02-08,1.1327
2022-02-09,1.1829
2022-02-10,1.1761
2022-02-11,1.183
2022-02-14,1.2
2022-02-15,1.2185
2022-02-16,1.2241
2022-02-17,1.2178
2022-02-18,1.2264
2022-02-21,1.2232
2022-02-22,1.1963
2022-02-23,1.2066
2022-02-24,1.1643
2022-02-25,1.1758
2022-02-28,1.1812
2022-03-01,1.2066
2022-03-02,1.1954
2022-03-03,1.1553
2022-03-04,1.142
2022-03-07,1.0953
2022-03-08,1.0977
2022-03-09,1.0999
2022-03-10,1.1448
2022-03-11,1.1357
2022-03-14,1.0772
2022-03-15,1.0261
2022-03-16,1.0553
2022-03-17,1.0887
2022-03-18,1.0831
2022-03-21,1.0816
2022-03-22,1.0698
2022-03-23,1.0852
2022-03-24,1.0603
2022-03-25,1.0302
2022-03-28,0.9969
2022-03-29,0.9892
2022-03-30,1.028
2022-03-31,1.0211
2022-04-01,1.0456
2022-04-06,1.0325
2022-04-07,1.0331
2022-04-08,1.0292
2022-04-11,0.9848
2022-04-12,1.0412
2022-04-13,1.0402
2022-04-14,1.0917
2022-04-15,1.0808
2022-04-18,1.0752
2022-04-19,1.0639
2022-04-20,1.0717
2022-04-21,1.057
2022-04-22,1.0628
2022-04-25,1.0092
2022-04-26,1.0297
2022-04-27,1.0558
2022-04-28,1.0839
2022-04-29,1.0899
2022-05-05,1.0918
2022-05-06,1.0503
2022-05-09,1.0281
2022-05-10,1.044
2022-05-11,1.0586
2022-05-12,1.0693
2022-05-13,1.0655
2022-05-16,1.0568
2022-05-17,1.066
2022-05-18,1.0567
2022-05-19,1.0471
2022-05-20,1.0886
2022-05-23,1.072
2022-05-24,1.0529
2022-05-25,1.0474
2022-05-26,1.0478
2022-05-27,1.0532
2022-05-30,1.0879
2022-05-31,1.1228
2022-06-01,1.1168
2022-06-02,1.1082
2022-06-06,1.1225
2022-06-07,1.1418
2022-06-08,1.1623
2022-06-09,1.1433
2022-06-10,1.1598
2022-06-13,1.1348
2022-06-14,1.145
2022-06-15,1.1602
2022-06-16,1.1568
2022-06-17,1.1817
2022-06-20,1.2057
2022-06-21,1.2002
2022-06-22,1.1856
2022-06-23,1.1967
2022-06-24,1.2145
2022-06-27,1.2442
2022-06-28,1.2509
2022-06-29,1.2389
2022-06-30,1.2844
2022-07-01,1.2732
2022-07-04,1.2647
2022-07-05,1.2573
2022-07-06,1.2262
2022-07-07,1.2217
2022-07-08,1.2301
2022-07-11,1.2034
2022-07-12,1.1953
2022-07-13,1.2012
2022-07-14,1.1927
2022-07-15,1.1958
2022-07-18,1.1873
2022-07-19,1.1899
2022-07-20,1.1968
2022-07-21,1.184
2022-07-22,1.1816
2022-07-25,1.1893
2022-07-26,1.2021
2022-07-27,1.1807
2022-07-28,1.1742
2022-07-29,1.1375
2022-08-01,1.1495
2022-08-02,1.1337
2022-08-03,1.1331
2022-08-04,1.157
2022-08-05,1.1612
2022-08-08,1.1549
2022-08-09,1.1519
2022-08-10,1.1382
2022-08-11,1.1557
2022-08-12,1.1723
2022-08-15,1.1587
2022-08-16,1.1505
2022-08-17,1.1592
2022-08-18,1.1379
2022-08-19,1.1373
2022-08-22,1.1419
2022-08-23,1.1248
2022-08-24,1.1185
2022-08-25,1.1446
2022-08-26,1.1595
2022-08-29,1.1426
2022-08-30,1.1369
2022-08-31,1.1615
2022-09-01,1.1416
2022-09-02,1.1232
2022-09-05,1.1006
2022-09-06,1.1068
2022-09-07,1.0913
2022-09-08,1.0952
2022-09-09,1.1096
2022-09-13,1.1232
2022-09-14,1.1115
2022-09-15,1.1193
2022-09-16,1.0944
2022-09-19,1.1061
2022-09-20,1.122
2022-09-21,1.1082
2022-09-22,1.0938
2022-09-23,1.0971
2022-09-26,1.1167
2022-09-27,1.1521
2022-09-28,1.1468
2022-09-29,1.1451
2022-09-30,1.1402
2022-10-10,1.079
2022-10-11,1.0822
2022-10-12,1.0715
2022-10-13,1.0566
2022-10-14,1.0777
2022-10-17,1.0599
2022-10-18,1.0535
2022-10-19,1.0199
2022-10-20,1.0296
2022-10-21,1.0137
2022-10-24,0.951
2022-10-25,0.9483
2022-10-26,0.9462
2022-10-27,0.9054
2022-10-28,0.9029
2022-10-31,0.8901
2022-11-01,0.9492
2022-11-02,0.9647
2022-11-03,0.9495
2022-11-04,0.9946
2022-11-07,0.998
2022-11-08,0.981
2022-11-09,0.9662
2022-11-10,0.9769
2022-11-11,1.0081
2022-11-14,1.0028
2022-11-15,1.0266
2022-11-16,1.0284
2022-11-17,1.0168
2022-11-18,1.0214
2022-11-21,0.994
2022-11-22,0.9983
2022-11-23,0.9929
2022-11-24,0.9805
2022-11-25,0.9799
2022-11-28,0.9773
2022-11-29,1.0213
2022-11-30,1.0166
2022-12-01,1.0516
2022-12-02,1.0496
2022-12-05,1.0674
2022-12-06,1.0994
2022-12-07,1.1005
2022-12-08,1.1059
2022-12-09,1.1445
2022-12-12,1.1265
2022-12-13,1.1407
2022-12-14,1.1736
2022-12-15,1.163
2022-12-16,1.1684
2022-12-19,1.1545
2022-12-20,1.1102
2022-12-21,1.1249
2022-12-22,1.1495
2022-12-23,1.158
2022-12-26,1.1428
2022-12-27,1.1603
2022-12-28,1.1558
2022-12-29,1.1443
2022-12-30,1.1523
2022-12-31,1.1523
2023-01-03,1.1324
2023-01-04,1.1352
2023-01-05,1.1911
2023-01-06,1.1934
2023-01-09,1.227
2023-01-10,1.2337
2023-01-11,1.2242
2023-01-12,1.2195
2023-01-13,1.2533
2023-01-16,1.2804
2023-01-17,1.2614
2023-01-18,1.2516
2023-01-19,1.248
2023-01-20,1.2432
2023-01-30,1.2645
2023-01-31,1.2259
2023-02-01,1.2329
2023-02-02,1.2406
2023-02-03,1.2313
2023-02-06,1.2113
2023-02-07,1.209
2023-02-08,1.1999
2023-02-09,1.2355
2023-02-10,1.2408
2023-02-13,1.2865
2023-02-14,1.2776
2023-02-15,1.2769
2023-02-16,1.2848
2023-02-17,1.2711
2023-02-20,1.2978
2023-02-21,1.2798
2023-02-22,1.275
2023-02-23,1.2633
2023-02-24,1.2435
2023-02-27,1.2567
2023-02-28,1.2538
2023-03-01,1.2669
2023-03-02,1.2619
2023-03-03,1.255
2023-03-06,1.2521
2023-03-07,1.2305
2023-03-08,1.2207
2023-03-09,1.212
2023-03-10,1.1958
2023-03-13,1.2194
2023-03-14,1.2062
2023-03-15,1.1898
2023-03-16,1.1916
2023-03-17,1.1722
2023-03-20,1.1606
2023-03-21,1.1949
2023-03-22,1.1922
2023-03-23,1.2074
2023-03-24,1.2074
2023-03-27,1.1957
2023-03-28,1.2192
2023-03-29,1.2289
2023-03-30,1.239
2023-03-31,1.2352
2023-04-03,1.2306
2023-04-04,1.2403
2023-04-06,1.2108
2023-04-07,1.2003
2023-04-10,1.181
2023-04-11,1.159
2023-04-12,1.1316
2023-04-13,1.1426
2023-04-14,1.1275
2023-04-17,1.1459
2023-04-18,1.1475
2023-04-19,1.1406
2023-04-20,1.1255
2023-04-21,1.1183
2023-04-24,1.0979
2023-04-25,1.1137
2023-04-26,1.1137
2023-04-27,1.116
2023-04-28,1.1249
2023-05-04,1.1113
2023-05-05,1.1231
2023-05-08,1.1074
2023-05-09,1.1121
2023-05-10,1.1018
2023-05-11,1.0961
2023-05-12,1.0821
2023-05-15,1.0934
2023-05-16,1.0817
2023-05-17,1.0709
2023-05-18,1.0642
2023-05-19,1.0797
2023-05-22,1.1072
2023-05-23,1.087
2023-05-24,1.0723
2023-05-25,1.0631
2023-05-26,1.0623
2023-05-29,1.0537
2023-05-30,1.0415
2023-05-31,1.0209
2023-06-01,1.0268
2023-06-02,1.0479
2023-06-05,1.0244
2023-06-06,1.0225
2023-06-07,1.0068
2023-06-08,1.0173
2023-06-09,1.0116
2023-06-12,1.0418
2023-06-13,1.0504
2023-06-14,1.0782
2023-06-15,1.0979
2023-06-16,1.1072
2023-06-19,1.0807
2023-06-20,1.0655
2023-06-21,1.0524
2023-06-26,1.025
2023-06-27,1.0357
2023-06-28,1.0362
2023-06-29,1.0178
2023-06-30,1.012
2023-07-03,1.0429
2023-07-04,1.0501
2023-07-05,1.031
2023-07-06,1.0221
2023-07-07,1.0182
2023-07-10,1.0263
2023-07-11,1.0263
2023-07-12,1.029
2023-07-13,1.0684
2023-07-14,1.0664
2023-07-17,1.0519
2023-07-18,1.0465
2023-07-19,1.0459
2023-07-20,1.0457
2023-07-21,1.0669
2023-07-24,1.0556
2023-07-25,1.1109
2023-07-26,1.1112
2023-07-27,1.1255
2023-07-28,1.1485
2023-07-31,1.1518
2023-08-01,1.1386
2023-08-02,1.1338
2023-08-03,1.142
2023-08-04,1.1434
2023-08-07,1.1268
2023-08-08,1.1276
2023-08-09,1.1296
2023-08-10,1.1279
2023-08-11,1.1029
2023-08-14,1.0878
2023-08-15,1.0868
2023-08-16,1.0869
2023-08-17,1.1057
2023-08-18,1.0817
2023-08-21,1.0817
2023-08-22,1.0809
2023-08-23,1.064
2023-08-24,1.092
2023-08-25,1.0875
2023-08-28,1.0862
2023-08-29,1.1041
2023-08-30,1.0991
2023-08-31,1.0948
2023-09-01,1.1171
2023-09-04,1.1532
2023-09-05,1.1397
2023-09-06,1.1384
2023-09-07,1.1234
2023-09-08,1.1174
2023-09-11,1.1249
2023-09-12,1.1158
2023-09-13,1.1176
2023-09-14,1.112
2023-09-15,1.097
2023-09-18,1.1073
2023-09-19,1.0993
2023-09-20,1.0931
2023-09-21,1.0714
2023-09-22,1.0924
2023-09-25,1.0829
2023-09-26,1.0718
2023-09-27,1.0709
2023-09-28,1.0592
2023-10-09,1.0552
2023-10-10,1.0464
2023-10-11,1.0446
2023-10-12,1.0451
2023-10-13,1.0244
2023-10-16,1.0086
2023-10-17,1.0091
2023-10-18,1.0066
2023-10-19,0.9746
2023-10-20,0.9714
2023-10-23,0.972
2023-10-24,0.9784
2023-10-25,1.0066
2023-10-26,1.013
2023-10-27,1.0238
2023-10-30,1.0376
2023-10-31,1.041
2023-11-01,1.0619
2023-11-02,1.0465
2023-11-03,1.0577
2023-11-06,1.0578
2023-11-07,1.0506
2023-11-08,1.0479
2023-11-09,1.0465
2023-11-10,1.033
2023-11-13,1.0235
2023-11-14,1.0247
2023-11-15,1.032
2023-11-16,1.0217
2023-11-17,1.0155
2023-11-20,1.0189
2023-11-21,1.0357
2023-11-22,1.0283
2023-11-23,1.0263
2023-11-24,1.0241
2023-11-27,1.0079
2023-11-28,1.0047
2023-11-29,1.0041
2023-11-30,1.0113
2023-12-01,0.9973
2023-12-04,0.9821
2023-12-05,0.9566
2023-12-06,0.9606
2023-12-07,0.9582
2023-12-08,0.9629
2023-12-11,0.9482
2023-12-12,0.9574
2023-12-13,0.9236
2023-12-14,0.9055
2023-12-15,0.91
2023-12-18,0.9089
2023-12-19,0.9095
2023-12-20,0.8986
2023-12-21,0.9135
2023-12-22,0.9113
2023-12-25,0.9195
2023-12-26,0.9137
2023-12-27,0.9128
2023-12-28,0.9506
2023-12-29,0.9491
2023-12-31,0.949
2024-01-02,0.9201
2024-01-03,0.9159
2024-01-04,0.8959
2024-01-05,0.8885
2024-01-08,0.8758
2024-01-09,0.8735
2024-01-10,0.8803
2024-01-11,0.8833
2024-01-12,0.8763
2024-01-15,0.8672
2024-01-16,0.8688
2024-01-17,0.8408
2024-01-18,0.8597
2024-01-19,0.8644
2024-01-22,0.8485
2024-01-23,0.8446
2024-01-24,0.8436
2024-01-25,0.8605
2024-01-26,0.8607
2024-01-29,0.8656
2024-01-30,0.8361
2024-01-31,0.8252
2024-02-01,0.8278
2024-02-02,0.8231
2024-02-05,0.8282
2024-02-06,0.8639
2024-02-07,0.8822
2024-02-08,0.8803
2024-02-19,0.8825
2024-02-20,0.8728
2024-02-21,0.9132
2024-02-22,0.9163
2024-02-23,0.9191
2024-02-26,0.9082
2024-02-27,0.9079
2024-02-28,0.9
2024-02-29,0.9207
2024-03-01,0.9239
2024-03-04,0.9141
2024-03-05,0.9246
2024-03-06,0.9113
2024-03-07,0.9093
2024-03-08,0.9032
2024-03-11,0.926
2024-03-12,0.9702
2024-03-13,0.9646
2024-03-14,0.9638
2024-03-15,0.9674
2024-03-18,0.9678
2024-03-19,0.9812
2024-03-20,0.9756
2024-03-21,0.9798
2024-03-22,0.9604
2024-03-25,0.9508
2024-03-26,0.9664
2024-03-27,0.9531
2024-03-28,0.9534
2024-03-29,0.9515
2024-04-01,0.978
2024-04-02,0.9728
2024-04-03,0.9711
2024-04-08,0.9329
2024-04-09,0.932
2024-04-10,0.9185
2024-04-11,0.9175
2024-04-12,0.9035
2024-04-15,0.9352
2024-04-16,0.919
2024-04-17,0.9198
2024-04-18,0.9202
2024-04-19,0.9078
2024-04-22,0.9257
2024-04-23,0.9392
2024-04-24,0.942
2024-04-25,0.9375
2024-04-26,0.9576
2024-04-29,0.9641
2024-04-30,0.9621
2024-05-06,0.9929
2024-05-07,0.9973
2024-05-08,0.9864
2024-05-09,0.987
2024-05-10,0.9809
2024-05-13,0.9605
2024-05-14,0.9634
2024-05-15,0.9592
2024-05-16,0.9698
2024-05-17,0.9833
2024-05-20,0.9876
2024-05-21,0.9835
2024-05-22,0.973
2024-05-23,0.9609
2024-05-24,0.9479
2024-05-27,0.9472
2024-05-28,0.9383
2024-05-29,0.9352
2024-05-30,0.9223
2024-05-31,0.9233
2024-06-03,0.9205
2024-06-04,0.9293
2024-06-05,0.9193
2024-06-06,0.9099
2024-06-07,0.8976
2024-06-11,0.8774
2024-06-12,0.876
2024-06-13,0.8643
2024-06-14,0.8704
2024-06-17,0.8694
2024-06-18,0.8568
2024-06-19,0.8549
2024-06-20,0.8455
2024-06-21,0.8317
2024-06-24,0.8348
2024-06-25,0.834
2024-06-26,0.8363
2024-06-27,0.8261
2024-06-28,0.8095
2024-06-30,0.8094
2024-07-01,0.8048
2024-07-02,0.8171
2024-07-03,0.8096
2024-07-04,0.7991
2024-07-05,0.7891
2024-07-08,0.7705
2024-07-09,0.7777
2024-07-10,0.7771
2024-07-11,0.7958
2024-07-12,0.8027
2024-07-15,0.8008
2024-07-16,0.7978
2024-07-17,0.8183
2024-07-18,0.8189
2024-07-19,0.8331
2024-07-22,0.8138
2024-07-23,0.7802
2024-07-24,0.7712
2024-07-25,0.7701
2024-07-26,0.7695
2024-07-29,0.7547
2024-07-30,0.7526
2024-07-31,0.7764
2024-08-01,0.7556
2024-08-02,0.7522
2024-08-05,0.7644
2024-08-06,0.768
2024-08-07,0.7755
2024-08-08,0.7879
2024-08-09,0.7837
2024-08-12,0.7795
2024-08-13,0.7699
2024-08-14,0.7603
2024-08-15,0.7639
2024-08-16,0.7605
2024-08-19,0.7568
2024-08-20,0.7501
2024-08-21,0.7458
2024-08-22,0.7344
2024-08-23,0.7358
2024-08-26,0.7294
2024-08-27,0.7264
2024-08-28,0.7051
2024-08-29,0.7215
2024-08-30,0.7462
2024-09-02,0.7168
2024-09-03,0.7251
2024-09-04,0.7191
2024-09-05,0.7217
2024-09-06,0.7099
2024-09-09,0.6977
2024-09-10,0.6994
2024-09-11,0.6961
2024-09-12,0.679
2024-09-13,0.6635
2024-09-18,0.6564
2024-09-19,0.6724
2024-09-20,0.6737
2024-09-23,0.6782
2024-09-24,0.7186
2024-09-25,0.7229
2024-09-26,0.79
2024-09-27,0.8566
2024-09-30,0.9306
2024-10-08,0.9538
2024-10-09,0.8719
2024-10-10,0.8841
2024-10-11,0.8549
2024-10-14,0.8624
2024-10-15,0.8328
2024-10-16,0.8241
2024-10-17,0.8055
2024-10-18,0.831
2024-10-21,0.8336
2024-10-22,0.8462
2024-10-23,0.859
2024-10-24,0.841
2024-10-25,0.8483
2024-10-28,0.8718
2024-10-29,0.8512
2024-10-30,0.8361
2024-10-31,0.8313
2024-11-01,0.8425
2024-11-04,0.8524
2024-11-05,0.8744
2024-11-06,0.8711
2024-11-07,0.9391
2024-11-08,0.9174
2024-11-11,0.9116
2024-11-12,0.9054
2024-11-13,0.9052
2024-11-14,0.8955
2024-11-15,0.8839
2024-11-18,0.8703
2024-11-19,0.867
2024-11-20,0.8723
2024-11-21,0.8698
2024-11-22,0.84
2024-11-25,0.8397
2024-11-26,0.8449
2024-11-27,0.8575
2024-11-28,0.8483
2024-11-29,0.8588
2024-12-02,0.8622
2024-12-03,0.8581
2024-12-04,0.8506
2024-12-05,0.8472
2024-12-06,0.8536
2024-12-09,0.8526
2024-12-10,0.8694
2024-12-11,0.8732
2024-12-12,0.8926
2024-12-13,0.861
2024-12-16,0.8438
2024-12-17,0.8454
2024-12-18,0.8433
2024-12-19,0.8296
2024-12-20,0.8307
2024-12-23,0.8215
2024-12-24,0.827
2024-12-25,0.8238
2024-12-26,0.8224
2024-12-27,0.8234
2024-12-30,0.8151
2024-12-31,0.8125
2025-01-02,0.7907
2025-01-03,0.7826
2025-01-06,0.7613
2025-01-07,0.7641
2025-01-08,0.7605
2025-01-09,0.7639
2025-01-10,0.7513
2025-01-13,0.7592
2025-01-14,0.7807
2025-01-15,0.7783
2025-01-16,0.7724
2025-01-17,0.7773
2025-01-20,0.7861
2025-01-21,0.7796
2025-01-22,0.7655
2025-01-23,0.767
2025-01-24,0.7635
2025-01-27,0.7609
2025-02-05,0.7479
2025-02-06,0.752
2025-02-07,0.7614
2025-02-10,0.7625
2025-02-11,0.7544
2025-02-12,0.7651
2025-02-13,0.7909
2025-02-14,0.7886
2025-02-17,0.7921
2025-02-18,0.7824
2025-02-19,0.7862
2025-02-20,0.7839
2025-02-21,0.7901
2025-02-24,0.8014
2025-02-25,0.7871
2025-02-26,0.7956
2025-02-27,0.8147
2025-02-28,0.8124
2025-03-03,0.8018
2025-03-04,0.792
2025-03-05,0.7929
2025-03-06,0.8072
2025-03-07,0.8237
2025-03-10,0.8245
2025-03-11,0.8475
2025-03-12,0.8383
2025-03-13,0.8366
2025-03-14,0.8765
2025-03-17,0.8767
2025-03-18,0.8701
2025-03-19,0.8614
2025-03-20,0.8459
2025-03-21,0.8355
2025-03-24,0.8348
2025-03-25,0.8334
2025-03-26,0.8334
2025-03-27,0.8414
2025-03-28,0.8349
2025-03-31,0.8224
2025-04-01,0.8228
2025-04-02,0.8203
2025-04-03,0.8326
2025-04-07,0.7984
2025-04-08,0.8186
2025-04-09,0.8318
2025-04-10,0.8339
2025-04-11,0.825
2025-04-14,0.8162
2025-04-15,0.8176
2025-04-16,0.82
2025-04-17,0.8266
2025-04-18,0.8206
2025-04-21,0.8108
2025-04-22,0.8116
2025-04-23,0.8078
2025-04-24,0.8025
2025-04-25,0.8006
2025-04-28,0.7995
2025-04-29,0.785
2025-04-30,0.7856
2025-05-06,0.79
2025-05-07,0.7928
2025-05-08,0.799
2025-05-09,0.7975
2025-05-12,0.8021
2025-05-13,0.7995
2025-05-14,0.8147
2025-05-15,0.8058
2025-05-16,0.7948
2025-05-19,0.7815
2025-05-20,0.7807
2025-05-21,0.7791
2025-05-22,0.7745
2025-05-23,0.7693
2025-05-26,0.7604
2025-05-27,0.7602
2025-05-28,0.7586
2025-05-29,0.7599
2025-05-30,0.7505
2025-06-03,0.743
2025-06-04,0.7426
2025-06-05,0.7475
2025-06-06,0.7469
2025-06-09,0.7417
2025-06-10,0.7352
2025-06-11,0.7374
2025-06-12,0.7261
2025-06-13,0.7073
2025-06-16,0.7084
2025-06-17,0.7096
2025-06-18,0.7142
2025-06-19,0.7105
2025-06-20,0.7257
2025-06-23,0.7162
2025-06-24,0.7221
2025-06-25,0.7235
2025-06-26,0.7245
2025-06-27,0.7177
2025-06-30,0.7223
2025-07-01,0.7176
2025-07-02,0.7218
2025-07-03,0.7235
2025-07-04,0.7246
2025-07-07,0.7218
2025-07-08,0.7286
2025-07-09,0.732
2025-07-10,0.7383
2025-07-11,0.7427
2025-07-14,0.7443
2025-07-15,0.7349
2025-07-16,0.7412
2025-07-17,0.7425
2025-07-18,0.7558
2025-07-21,0.7533
2025-07-22,0.7767
2025-07-23,0.7729
2025-07-24,0.7774
2025-07-25,0.7622
2025-07-28,0.7592
2025-07-29,0.7581
2025-07-30,0.7642
2025-07-31,0.7458
2025-08-01,0.7462
2025-08-04,0.7462
2025-08-05,0.7553
2025-08-06,0.7563
2025-08-07,0.7573
2025-08-08,0.7528
2025-08-11,0.771
2025-08-12,0.7681
2025-08-13,0.7676
2025-08-14,0.7671
2025-08-15,0.7685
2025-08-18,0.7723
2025-08-19,0.7879
2025-08-20,0.8059
2025-08-21,0.7986
2025-08-22,0.8038
2025-08-25,0.8367
2025-08-26,0.8389
2025-08-27,0.8115
2025-08-28,0.8079
2025-08-29,0.8277
2025-09-01,0.8248
2025-09-02,0.8237
2025-09-03,0.8142
2025-09-04,0.8106
2025-09-05,0.8175
2025-09-08,0.8315
2025-09-09,0.8334
2025-09-10,0.8331
2025-09-11,0.838
2025-09-12,0.8286
2025-09-15,0.8269
2025-09-16,0.8264
2025-09-17,0.8187
2025-09-18,0.8038
2025-09-19,0.8056
2025-09-22,0.7946
2025-09-23,0.7885
2025-09-24,0.7886
2025-09-25,0.7807
2025-09-26,0.7755
2025-09-29,0.7904
2025-09-30,0.7844
2025-10-09,0.7759
2025-10-10,0.7723
2025-10-13,0.7643
2025-10-14,0.7846
2025-10-15,0.7897
2025-10-16,0.8007
2025-10-17,0.7885
2025-10-20,0.7845
2025-10-21,0.7842
2025-10-22,0.7815
2025-10-23,0.7873
2025-10-24,0.7715
2025-10-27,0.7707
2025-10-28,0.7732
2025-10-29,0.7681
2025-10-30,0.7703
2025-10-31,0.7829
2025-11-03,0.7855
2025-11-04,0.776
2025-11-05,0.7712
2025-11-06,0.7709
2025-11-07,0.7686
2025-11-10,0.8051
2025-11-11,0.804
2025-11-12,0.8024
2025-11-13,0.8086
2025-11-14,0.7962
2025-11-17,0.797
2025-11-18,0.795
2025-11-19,0.7881
2025-11-20,0.7869
2025-11-21,0.7791
2025-11-24,0.7755
2025-11-25,0.7757
2025-11-26,0.7769
2025-11-27,0.778
2025-11-28,0.7786
2025-12-01,0.7777
2025-12-02,0.7684
2025-12-03,0.7579
2025-12-04,0.7435
2025-12-05,0.7479
2025-12-08,0.74
2025-12-09,0.7292
2025-12-10,0.7332
2025-12-11,0.7289
2025-12-12,0.7319
2025-12-15,0.7352
2025-12-16,0.7337
2025-12-17,0.733
2025-12-18,0.7301
2025-12-19,0.7345
2025-12-22,0.733
2025-12-23,0.7283
2025-12-24,0.7255
2025-12-25,0.7349
2025-12-26,0.7297
2025-12-29,0.7205
2025-12-30,0.7172
2025-12-31,0.7099
2026-01-05,0.7236
2026-01-06,0.7288
2026-01-07,0.7246
2026-01-08,0.7215
2026-01-09,0.7237
2026-01-12,0.733
2026-01-13,0.7257
2026-01-14,0.7212
2026-01-15,0.7148
2026-01-16,0.7092
2026-01-19,0.7055
2026-01-20,0.7117
2026-01-21,0.6977
2026-01-22,0.695
2026-01-23,0.6928
2026-01-26,0.6844
2026-01-27,0.6758
2026-01-28,0.6763
2026-01-29,0.7386
2026-01-30,0.7121
2026-02-02,0.7243
2026-02-03,0.7274
2026-02-04,0.7428
2026-02-05,0.7449
2026-02-06,0.7282
2026-02-09,0.7279
2026-02-10,0.7156
2026-02-11,0.7148
2026-02-12,0.7035
2026-02-13,0.7037
2026-02-24,0.6934
2026-02-25,0.697
2026-02-26,0.6867
2026-02-27,0.6854
2026-03-02,0.6724
2026-03-03,0.6705
2026-03-04,0.6533
2026-03-05,0.6545
2026-03-06,0.664
2026-03-09,0.6579
2026-03-10,0.659
2026-03-11,0.6584
2026-03-12,0.6583
2026-03-13,0.6653
2026-03-16,0.6751
2026-03-17,0.6747
2026-03-18,0.6667
2026-03-19,0.6569
2026-03-20,0.6519
2026-03-23,0.6325
2026-03-24,0.6378
2026-03-25,0.6405
2026-03-26,0.6318
2026-03-27,0.6394
2026-03-30,0.6412
2026-03-31,0.6393
2026-04-01,0.6474
2026-04-02,0.6502
2026-04-03,0.6393
2026-04-07,0.635
2026-04-08,0.6455
2026-04-09,0.6342
2026-04-10,0.6344
2026-04-13,0.6314
2026-04-14,0.6372
2026-04-15,0.6397
2026-04-16,0.6408
2026-04-17,0.6288
2026-04-20,0.6286
2026-04-21,0.6262
2026-04-22,0.6247
2026-04-23,0.6372
2026-04-24,0.6402
2026-04-27,0.626
2026-04-28,0.6257
2026-04-29,0.6319
2026-04-30,0.6256
2026-05-06,0.6156
2026-05-07,0.6189
2026-05-08,0.6159
2026-05-11,0.6148
2026-05-12,0.6051
2026-05-13,0.5956
2026-05-14,0.5996
2026-05-15,0.5861
2026-05-18,0.5798
2026-05-19,0.5813
2026-05-20,0.5838
2026-05-21,0.5822
2026-05-22,0.57
2026-05-25,0.5766
2026-05-26,0.5715
2026-05-27,0.5836
2026-05-28,0.5689
2026-05-29,0.5866
2026-06-01,0.583
2026-06-02,0.5742
2026-06-03,0.5677
2026-06-04,0.5563
2026-06-05,0.5564
2026-06-08,0.5456
2026-06-09,0.5395
2026-06-10,0.5454
2026-06-11,0.5454
2026-06-12,0.5467
2026-06-15,0.547
2026-06-16,0.5386
2026-06-17,0.535
2026-06-18,0.5234
2026-06-22,0.5289
2026-06-23,0.5176
2026-06-24,0.5066
2026-06-25,0.5162
2026-06-26,0.5032
2026-06-29,0.5105
2026-06-30,0.509
2026-07-01,0.5152
2026-07-02,0.5111
2026-07-03,0.5119
2026-07-06,0.5176
2026-07-07,0.5034
2026-07-08,0.5033
2026-07-09,0.4959
2026-07-10,0.5131
2026-07-13,0.508
2026-07-14,0.5112
2026-07-15,0.537
2026-07-16,0.5424
2026-07-17,0.532
2026-07-20,0.5582
2026-07-21,0.55
2026-07-22,0.5581
2026-07-23,0.55
2026-07-24,0.5395
2026-07-27,0.5438
2026-07-28,0.5573
2026-07-29,0.5623
2026-07-30,0.5839
2026-07-31,0.5842
2026-08-03,0.5791
2026-08-04,0.5701
2026-08-05,0.5634
2026-08-06,0.5606
2026-08-07,0.5642
2026-08-10,0.5781
2026-08-11,0.5723
2026-08-12,0.5809
2026-08-13,0.5854
2026-08-14,0.575
2026-08-17,0.5589
2026-08-18,0.5617
2026-08-19,0.5536
2026-08-20,0.5546
2026-08-21,0.5464
2026-08-24,0.5505
2026-08-25,0.5505
2026-08-26,0.5499
2026-08-27,0.5463
2026-08-28,0.5521
2026-08-31,0.5463
2026-09-01,0.559
2026-09-02,0.5521
2026-09-03,0.5485
2026-09-04,0.5661
2026-09-07,0.5643
2026-09-08,0.5617
2026-09-09,0.5529
2026-09-10,0.5419
2026-09-11,0.5337
2026-09-14,0.5329
2026-09-15,0.5295
2026-09-16,0.5279
2026-09-17,0.5269
2026-09-18,0.5283
2026-09-21,0.5323
2026-09-22,0.532
